from,to
/redirects-1,https://www.example.com/
/redirects-2,https://www.example.com/
/redirects-3,https://www.example.com/
/redirects-4,https://www.example.com/
/redirects-5,https://www.example.com/
/redirects-6,https://www.example.com/
/redirects-7,https://www.example.com/
/redirects-8,https://www.example.com/
/redirects-9,https://www.example.com/
/redirects-10,https://www.example.com/
/redirects-11,https://www.example.com/
/redirects-12,https://www.example.com/
/redirects-13,https://www.example.com/
/redirects-14,https://www.example.com/
/redirects-15,https://www.example.com/
/redirects-16,https://www.example.com/
/redirects-17,https://www.example.com/
/redirects-18,https://www.example.com/
/redirects-19,https://www.example.com/
/redirects-20,https://www.example.com/
/redirects-21,https://www.example.com/
/redirects-22,https://www.example.com/
/redirects-23,https://www.example.com/
/redirects-24,https://www.example.com/
/redirects-25,https://www.example.com/
/redirects-26,https://www.example.com/
/redirects-27,https://www.example.com/
/redirects-28,https://www.example.com/
/redirects-29,https://www.example.com/
/redirects-30,https://www.example.com/
/redirects-31,https://www.example.com/
/redirects-32,https://www.example.com/
/redirects-33,https://www.example.com/
/redirects-34,https://www.example.com/
/redirects-35,https://www.example.com/
/redirects-36,https://www.example.com/
/redirects-37,https://www.example.com/
/redirects-38,https://www.example.com/
/redirects-39,https://www.example.com/
/redirects-40,https://www.example.com/
/redirects-41,https://www.example.com/
/redirects-42,https://www.example.com/
/redirects-43,https://www.example.com/
/redirects-44,https://www.example.com/
/redirects-45,https://www.example.com/
/redirects-46,https://www.example.com/
/redirects-47,https://www.example.com/
/redirects-48,https://www.example.com/
/redirects-49,https://www.example.com/
/redirects-50,https://www.example.com/
/redirects-51,https://www.example.com/
/redirects-52,https://www.example.com/
/redirects-53,https://www.example.com/
/redirects-54,https://www.example.com/
